ID_unique,block,trial_block
1_2020_Oct_30_1334,2,3
1_2020_Oct_30_1334,2,4
17_2020_Nov_27_1026,3,13
19_2021_Apr_23_1500,2,5
22_2020_Dec_11_0846,1,2
22_2020_Dec_11_0846,1,8
24_2020_Dec_11_1332,1,3
24_2020_Dec_11_1332,1,8
27_2021_Feb_03_1312,2,3
30_2021_Feb_05_1508,1,2
31_2021_Feb_10_1034,1,8
32_2021_May_05_1032,1,17
34_2021_Feb_12_1023,1,6
35_2021_Feb_17_1032,1,5
39_2021_Feb_24_1456,2,16
39_2021_Feb_24_1456,2,17
40_2021_Mar_03_0838,1,7
41_2021_Mar_03_1035,1,19
41_2021_Mar_03_1035,2,14
49_2021_Mar_31_1459,1,24
50_2021_Apr_02_0827,2,5
52_2021_Apr_09_1311,1,21
55_2021_Apr_16_1503,3,1
55_2021_Apr_16_1503,3,2
55_2021_Apr_16_1503,3,4
58_2021_May_14_1300,1,4
58_2021_May_14_1300,1,7
58_2021_May_14_1300,1,11
58_2021_May_14_1300,1,23
59_2021_May_19_0836,2,8
59_2021_May_19_0836,2,12
59_2021_May_19_0836,2,16
59_2021_May_19_0836,3,12
59_2021_May_19_0836,3,16
59_2021_May_19_0836,3,17
59_2021_May_19_0836,3,19
59_2021_May_19_0836,3,21
59_2021_May_19_0836,3,22
59_2021_May_19_0836,3,25
59_2021_May_19_0836,3,26
60_2021_May_19_1031,1,2
60_2021_May_19_1031,1,5
60_2021_May_19_1031,1,7
60_2021_May_19_1031,1,10
61_2021_May_19_1501,1,7
61_2021_May_19_1501,1,21
62_2021_May_21_1026,1,17
64_2021_May_21_1502,3,12
64_2021_May_21_1502,3,15
64_2021_May_21_1502,3,16
64_2021_May_21_1502,3,21
64_2021_May_21_1502,3,22
64_2021_May_21_1502,3,23
64_2021_May_21_1502,3,25
64_2021_May_21_1502,3,26
65_2021_May_26_1033,2,5
65_2021_May_26_1033,2,6
65_2021_May_26_1033,2,8
68_2021_May_28_0841,2,14
68_2021_May_28_0841,2,26
70_2021_May_28_1301,1,3
74_2021_Jun_09_1037,2,11
74_2021_Jun_09_1037,3,17
76_2021_Jun_18_1027,1,2
9_2020_Nov_20_1107,2,5
9_2020_Nov_20_1107,3,11
